SERIES_CODE,שם סדרה,FREQ,תדירות,BASE_CURRENCY,מטבע בסיס,COUNTER_CURRENCY,מטבע נגדי,UNIT_MEASURE,יחידות מידה,DATA_TYPE,סוג נתון,DATA_SOURCE,מקור נתונים,TIME_COLLECT,אופן חישוב בתקופת זמן,CONF_STATUS,סיווג סודיות,UNIT_MULT,מכפיל יחידות,COMMENTS,TIME_PERIOD,OBS_VALUE,RELEASE_STATUS,שחרור תצפית
RER_USD_ILS,"שער יציג דולר ארה""ב - שקל",M,חודשי,USD,"דולר ארה""ב",ILS,"ש""ח",ILS,"ש""ח",OF00,שער יציג,BOI_MRKT,בנק ישראל - חטיבת השווקים,V,אחר,F,לא סודי,0,יחידות,,2023-01,3.445285714,,
RER_USD_ILS,"שער יציג דולר ארה""ב - שקל",M,חודשי,USD,"דולר ארה""ב",ILS,"ש""ח",ILS,"ש""ח",OF00,שער יציג,BOI_MRKT,בנק ישראל - חטיבת השווקים,V,אחר,F,לא סודי,0,יחידות,,2023-02,3.54315,,
RER_USD_ILS,"שער יציג דולר ארה""ב - שקל",M,חודשי,USD,"דולר ארה""ב",ILS,"ש""ח",ILS,"ש""ח",OF00,שער יציג,BOI_MRKT,בנק ישראל - חטיבת השווקים,V,אחר,F,לא סודי,0,יחידות,,2023-03,3.619952381,,
RER_USD_ILS,"שער יציג דולר ארה""ב - שקל",M,חודשי,USD,"דולר ארה""ב",ILS,"ש""ח",ILS,"ש""ח",OF00,שער יציג,BOI_MRKT,בנק ישראל - חטיבת השווקים,V,אחר,F,לא סודי,0,יחידות,,2023-04,3.638357143,,
RER_USD_ILS,"שער יציג דולר ארה""ב - שקל",M,חודשי,USD,"דולר ארה""ב",ILS,"ש""ח",ILS,"ש""ח",OF00,שער יציג,BOI_MRKT,בנק ישראל - חטיבת השווקים,V,אחר,F,לא סודי,0,יחידות,,2023-05,3.660095238,,
RER_USD_ILS,"שער יציג דולר ארה""ב - שקל",M,חודשי,USD,"דולר ארה""ב",ILS,"ש""ח",ILS,"ש""ח",OF00,שער יציג,BOI_MRKT,בנק ישראל - חטיבת השווקים,V,אחר,F,לא סודי,0,יחידות,,2023-06,3.644636364,,
RER_USD_ILS,"שער יציג דולר ארה""ב - שקל",M,חודשי,USD,"דולר ארה""ב",ILS,"ש""ח",ILS,"ש""ח",OF00,שער יציג,BOI_MRKT,בנק ישראל - חטיבת השווקים,V,אחר,F,לא סודי,0,יחידות,,2023-07,3.66835,,
RER_USD_ILS,"שער יציג דולר ארה""ב - שקל",M,חודשי,USD,"דולר ארה""ב",ILS,"ש""ח",ILS,"ש""ח",OF00,שער יציג,BOI_MRKT,בנק ישראל - חטיבת השווקים,V,אחר,F,לא סודי,0,יחידות,,2023-08,3.745869565,,
RER_USD_ILS,"שער יציג דולר ארה""ב - שקל",M,חודשי,USD,"דולר ארה""ב",ILS,"ש""ח",ILS,"ש""ח",OF00,שער יציג,BOI_MRKT,בנק ישראל - חטיבת השווקים,V,אחר,F,לא סודי,0,יחידות,,2023-09,3.820157895,,
RER_USD_ILS,"שער יציג דולר ארה""ב - שקל",M,חודשי,USD,"דולר ארה""ב",ILS,"ש""ח",ILS,"ש""ח",OF00,שער יציג,BOI_MRKT,בנק ישראל - חטיבת השווקים,V,אחר,F,לא סודי,0,יחידות,,2023-10,3.978272727,,
RER_USD_ILS,"שער יציג דולר ארה""ב - שקל",M,חודשי,USD,"דולר ארה""ב",ILS,"ש""ח",ILS,"ש""ח",OF00,שער יציג,BOI_MRKT,בנק ישראל - חטיבת השווקים,V,אחר,F,לא סודי,0,יחידות,,2023-11,3.805772727,,
RER_USD_ILS,"שער יציג דולר ארה""ב - שקל",M,חודשי,USD,"דולר ארה""ב",ILS,"ש""ח",ILS,"ש""ח",OF00,שער יציג,BOI_MRKT,בנק ישראל - חטיבת השווקים,V,אחר,F,לא סודי,0,יחידות,,2023-12,3.671,,
RER_USD_ILS,"שער יציג דולר ארה""ב - שקל",M,חודשי,USD,"דולר ארה""ב",ILS,"ש""ח",ILS,"ש""ח",OF00,שער יציג,BOI_MRKT,בנק ישראל - חטיבת השווקים,V,אחר,F,לא סודי,0,יחידות,,2024-01,3.713318182,,
RER_USD_ILS,"שער יציג דולר ארה""ב - שקל",M,חודשי,USD,"דולר ארה""ב",ILS,"ש""ח",ILS,"ש""ח",OF00,שער יציג,BOI_MRKT,בנק ישראל - חטיבת השווקים,V,אחר,F,לא סודי,0,יחידות,,2024-02,3.64585,,
RER_USD_ILS,"שער יציג דולר ארה""ב - שקל",M,חודשי,USD,"דולר ארה""ב",ILS,"ש""ח",ILS,"ש""ח",OF00,שער יציג,BOI_MRKT,בנק ישראל - חטיבת השווקים,V,אחר,F,לא סודי,0,יחידות,,2024-03,3.627842105,,
RER_USD_ILS,"שער יציג דולר ארה""ב - שקל",M,חודשי,USD,"דולר ארה""ב",ILS,"ש""ח",ILS,"ש""ח",OF00,שער יציג,BOI_MRKT,בנק ישראל - חטיבת השווקים,V,אחר,F,לא סודי,0,יחידות,,2024-04,3.743315789,,
RER_USD_ILS,"שער יציג דולר ארה""ב - שקל",M,חודשי,USD,"דולר ארה""ב",ILS,"ש""ח",ILS,"ש""ח",OF00,שער יציג,BOI_MRKT,בנק ישראל - חטיבת השווקים,V,אחר,F,לא סודי,0,יחידות,,2024-05,3.707476190,,
RER_USD_ILS,"שער יציג דולר ארה""ב - שקל",M,חודשי,USD,"דולר ארה""ב",ILS,"ש""ח",ILS,"ש""ח",OF00,שער יציג,BOI_MRKT,בנק ישראל - חטיבת השווקים,V,אחר,F,לא סודי,0,יחידות,,2024-06,3.724736842,,
RER_USD_ILS,"שער יציג דולר ארה""ב - שקל",M,חודשי,USD,"דולר ארה""ב",ILS,"ש""ח",ILS,"ש""ח",OF00,שער יציג,BOI_MRKT,בנק ישראל - חטיבת השווקים,V,אחר,F,לא סודי,0,יחידות,,2024-07,3.681434783,,
RER_USD_ILS,"שער יציג דולר ארה""ב - שקל",M,חודשי,USD,"דולר ארה""ב",ILS,"ש""ח",ILS,"ש""ח",OF00,שער יציג,BOI_MRKT,בנק ישראל - חטיבת השווקים,V,אחר,F,לא סודי,0,יחידות,,2024-08,3.731761905,,
RER_USD_ILS,"שער יציג דולר ארה""ב - שקל",M,חודשי,USD,"דולר ארה""ב",ILS,"ש""ח",ILS,"ש""ח",OF00,שער יציג,BOI_MRKT,בנק ישראל - חטיבת השווקים,V,אחר,F,לא סודי,0,יחידות,,2024-09,3.732809524,,
RER_USD_ILS,"שער יציג דולר ארה""ב - שקל",M,חודשי,USD,"דולר ארה""ב",ILS,"ש""ח",ILS,"ש""ח",OF00,שער יציג,BOI_MRKT,בנק ישראל - חטיבת השווקים,V,אחר,F,לא סודי,0,יחידות,,2024-10,3.751588235,,
RER_USD_ILS,"שער יציג דולר ארה""ב - שקל",M,חודשי,USD,"דולר ארה""ב",ILS,"ש""ח",ILS,"ש""ח",OF00,שער יציג,BOI_MRKT,בנק ישראל - חטיבת השווקים,V,אחר,F,לא סודי,0,יחידות,,2024-11,3.718809524,,
RER_USD_ILS,"שער יציג דולר ארה""ב - שקל",M,חודשי,USD,"דולר ארה""ב",ILS,"ש""ח",ILS,"ש""ח",OF00,שער יציג,BOI_MRKT,בנק ישראל - חטיבת השווקים,V,אחר,F,לא סודי,0,יחידות,,2024-12,3.617666667,,
RER_USD_ILS,"שער יציג דולר ארה""ב - שקל",M,חודשי,USD,"דולר ארה""ב",ILS,"ש""ח",ILS,"ש""ח",OF00,שער יציג,BOI_MRKT,בנק ישראל - חטיבת השווקים,V,אחר,F,לא סודי,0,יחידות,,2025-01,3.615272727,,
RER_USD_ILS,"שער יציג דולר ארה""ב - שקל",M,חודשי,USD,"דולר ארה""ב",ILS,"ש""ח",ILS,"ש""ח",OF00,שער יציג,BOI_MRKT,בנק ישראל - חטיבת השווקים,V,אחר,F,לא סודי,0,יחידות,,2025-02,3.5678,,
RER_USD_ILS,"שער יציג דולר ארה""ב - שקל",M,חודשי,USD,"דולר ארה""ב",ILS,"ש""ח",ILS,"ש""ח",OF00,שער יציג,BOI_MRKT,בנק ישראל - חטיבת השווקים,V,אחר,F,לא סודי,0,יחידות,,2025-03,3.6551,,
RER_USD_ILS,"שער יציג דולר ארה""ב - שקל",M,חודשי,USD,"דולר ארה""ב",ILS,"ש""ח",ILS,"ש""ח",OF00,שער יציג,BOI_MRKT,בנק ישראל - חטיבת השווקים,V,אחר,F,לא סודי,0,יחידות,,2025-04,3.697476190,,
RER_USD_ILS,"שער יציג דולר ארה""ב - שקל",M,חודשי,USD,"דולר ארה""ב",ILS,"ש""ח",ILS,"ש""ח",OF00,שער יציג,BOI_MRKT,בנק ישראל - חטיבת השווקים,V,אחר,F,לא סודי,0,יחידות,,2025-05,3.5627,,
RER_USD_ILS,"שער יציג דולר ארה""ב - שקל",M,חודשי,USD,"דולר ארה""ב",ILS,"ש""ח",ILS,"ש""ח",OF00,שער יציג,BOI_MRKT,בנק ישראל - חטיבת השווקים,V,אחר,F,לא סודי,0,יחידות,,2025-06,3.4826,,
RER_USD_ILS,"שער יציג דולר ארה""ב - שקל",M,חודשי,USD,"דולר ארה""ב",ILS,"ש""ח",ILS,"ש""ח",OF00,שער יציג,BOI_MRKT,בנק ישראל - חטיבת השווקים,V,אחר,F,לא סודי,0,יחידות,,2025-07,3.352173913,,
RER_USD_ILS,"שער יציג דולר ארה""ב - שקל",M,חודשי,USD,"דולר ארה""ב",ILS,"ש""ח",ILS,"ש""ח",OF00,שער יציג,BOI_MRKT,בנק ישראל - חטיבת השווקים,V,אחר,F,לא סודי,0,יחידות,,2025-08,3.395761905,,
RER_USD_ILS,"שער יציג דולר ארה""ב - שקל",M,חודשי,USD,"דולר ארה""ב",ILS,"ש""ח",ILS,"ש""ח",OF00,שער יציג,BOI_MRKT,בנק ישראל - חטיבת השווקים,V,אחר,F,לא סודי,0,יחידות,,2025-09,3.343210526,,
RER_USD_ILS,"שער יציג דולר ארה""ב - שקל",M,חודשי,USD,"דולר ארה""ב",ILS,"ש""ח",ILS,"ש""ח",OF00,שער יציג,BOI_MRKT,בנק ישראל - חטיבת השווקים,V,אחר,F,לא סודי,0,יחידות,,2025-10,3.280578947,,
RER_USD_ILS,"שער יציג דולר ארה""ב - שקל",M,חודשי,USD,"דולר ארה""ב",ILS,"ש""ח",ILS,"ש""ח",OF00,שער יציג,BOI_MRKT,בנק ישראל - חטיבת השווקים,V,אחר,F,לא סודי,0,יחידות,,2025-11,3.2548,,
RER_USD_ILS,"שער יציג דולר ארה""ב - שקל",M,חודשי,USD,"דולר ארה""ב",ILS,"ש""ח",ILS,"ש""ח",OF00,שער יציג,BOI_MRKT,בנק ישראל - חטיבת השווקים,V,אחר,F,לא סודי,0,יחידות,,2025-12,3.215142857,,
